{
    "mean": [
        0.35248768524062846,
        0.37791529252972517,
        0.36455829176517957
    ],
    "std": [
        0.105710731150827,
        0.10090696152181346,
        0.10681313317785332
    ]
}