{
    "mean": [
        0.4823360634538672,
        0.4881374873435139,
        0.4487429858549645
    ],
    "std": [
        0.11556964717409526,
        0.10176722860852298,
        0.10263595776983112
    ]
}