{
    "mean": [
        0.424319589876064,
        0.4461647838828156,
        0.4007355392785094
    ],
    "std": [
        0.1654819496675558,
        0.14665752424911013,
        0.160382204264037
    ]
}