{
    "mean": [
        0.3430307396782769,
        0.378805328934281,
        0.4061774350272285
    ],
    "std": [
        0.1681801332750025,
        0.11019120499146207,
        0.09104723210831142
    ]
}