{
    "mean": [
        0.3466967192248671,
        0.3423348551664453,
        0.3177344792268493
    ],
    "std": [
        0.11027728664620005,
        0.10388361932333268,
        0.11057037373888491
    ]
}