{
    "mean": [
        0.3665814610927824,
        0.3794892960200234,
        0.3422323061984683
    ],
    "std": [
        0.13148411825422715,
        0.11486507234155903,
        0.11774310898567722
    ]
}